{"cameraMode":{"drawMode":0,"name":"Shaded","section":"Shading Mode"},"sceneLighting":false,"audioPlay":false,"sceneViewState":{"m_AlwaysRefresh":false,"showFog":false,"showSkybox":false,"showFlares":false,"showImageEffects":false,"showParticleSystems":false,"showVisualEffectGraphs":true,"m_FxEnabled":true},"in2DMode":false,"pivot":{"x":0.020015984773635865,"y":0.2464422881603241,"z":-0.24138428270816804},"rotation":{"x":-0.05829290300607681,"y":0.6799227595329285,"z":-0.054390765726566318,"w":-0.7289749979972839},"size":1.0368194580078126,"orthographic":false}