{"cameraMode":{"drawMode":0,"name":"Shaded","section":"Shading Mode"},"sceneLighting":false,"audioPlay":false,"sceneViewState":{"m_AlwaysRefresh":false,"showFog":false,"showSkybox":false,"showFlares":false,"showImageEffects":false,"showParticleSystems":false,"showVisualEffectGraphs":true,"m_FxEnabled":true},"in2DMode":false,"pivot":{"x":0.10030581057071686,"y":-0.14417672157287599,"z":-0.03564763069152832},"rotation":{"x":-0.10111309587955475,"y":0.7037519812583923,"z":-0.10226581245660782,"w":-0.6957734227180481},"size":1.6128122806549073,"orthographic":false}